Anno;Area statistica;"Reddito imponibile mediano dei contribuenti 
residenti";Numero contribuenti residenti
2016;Lavino di Mezzo;21224;327
2016;Bargellino;20012;74
2016;Lungo Reno;15746;7
2016;Borgo Centro;19116;5770
2016;Casteldebole;19884;3824
2016;Via Ferrarese;18455;8033
2016;San Savino;19573;6935
2016;Savena Abbandonato;18427;620
2016;Croce Coperta;19836;4472
2016;Mulino del Gomito;11607;414
2016;La Noce;19573;1132
2016;Pescarola;18707;3363
2016;Lazzaretto;15942;454
2016;Marconi-2;22391;9064
2016;Marconi-1;23685;1698
2016;Prati di Caprara-Ospedale Maggiore;22048;317
2016;Zanardi;19734;4539
2016;Villaggio della Barca;17353;4064
2016;Battindarno;19549;6783
2016;Cadriano-Calamosco;20730;564
2016;Fiera;20595;17
2016;San Donnino;19553;2224
2016;Via Mondo;18362;5835
2016;Osservanza;25717;2973
2016;San Michele in Bosco;24215;1572
2016;Mezzofanti;24520;5268
2016;Chiesanuova;21156;5430
2016;Via Larga;24279;1508
2016;Guelfa;19606;5079
2016;Croce del Biacco;18734;2884
2016;Stradelli Guelfi;22103;208
2016;San Giuseppe;23507;4576
2016;Via del Genio;17520;12
2016;Malpighi-1;23098;1336
2016;Due Madonne;19690;2171
2016;Bitone;19330;8152
2016;Cavedone;18518;2169
2016;Monte Donato;22043;1032
2016;Via Toscana;20595;7199
2016;Corelli;19651;6635
2017;Lavino di Mezzo;21117;324
2017;Bargellino;21317;68
2017;Lungo Reno;21966;7
2017;Ducati-Villaggio Ina;19537;2485
2017;Rigosa;17700;860
2017;Caserme Rosse-Manifattura;17280;1561
2017;Arcoveggio;18969;7819
2017;Ex Mercato Ortofrutticolo;19245;512
2017;San Savino;19554;6988
2017;La Noce;19627;1117
2017;Prati di Caprara-Ospedale Maggiore;21803;306
2017;Canale di Reno;21103;4900
2017;Emilia Ponente;20878;6560
2017;San Donnino;19573;2223
2017;Osservanza;25190;3034
2017;Paderno;20085;1096
2017;Galvani-1;24280;1301
2017;Chiesanuova;20872;5517
2017;Irnerio-1;22628;2647
2017;Guelfa;19496;5226
2017;Stradelli Guelfi;22442;213
2017;Ravone;23506;903
2017;Malpighi-1;22670;1369
2017;Lungo Savena;10439;59
2017;Bitone;19469;8219
2017;Monte Donato;22007;1052
2017;Via Toscana;20424;7308
2017;Ponte Savena-La Bastia;19345;1032
2018;Arcoveggio;19371;7888
2018;Bargellino;23599;64
2018;Canale di Reno;21670;4927
2018;Casteldebole;20375;3876
2018;Cavedone;19306;2179
2018;Cirenaica;19855;6598
2018;Fiera;22454;18
2018;Giardini Margherita;32835;25
2018;Guelfa;19807;5260
2018;La Birra;19479;1479
2018;La Dozza;22315;1092
2018;La Noce;20657;1120
2018;Laghetti del Rosario;19482;333
2018;Lazzaretto;18319;534
2018;Lungo Reno;21064;7
2018;Lungo Savena;11777;76
2018;Malpighi-1;24218;1354
2018;Michelino;19311;3337
2018;Osservanza;26067;3060
2018;Pescarola;19253;3340
2018;Pontevecchio;19258;3993
2018;SENZA FISSA DIMORA;3860;231
2018;San Luca;29580;428
2018;San Michele in Bosco;24309;1584
2018;San Savino;19832;7003
2018;Scandellara;21160;486
2018;Stadio-Meloncello;21347;2766
2018;Tiro a Segno;19323;111
2018;Triumvirato-Pietra;19857;3924
2018;Via Arno;21389;5768
2018;Via Ferrarese;19149;8245
2018;Via Mondo;18618;5929
2018;Via Vittorio Veneto;21057;4179
2018;Via del Genio;22744;11
2019;Dagnini;22125;7161
2019;Fiera;22511;18
2019;Fossolo;23347;6779
2019;Galvani-2;22441;8174
2019;Irnerio-1;22662;2649
2019;Irnerio-2;21764;7441
2019;Lazzaretto;19520;571
2019;Lungo Savena;15872;69
2019;Malpighi-1;23125;1346
2019;Marconi-1;23315;1736
2019;Piazza dell'Unita';18211;7456
2019;Prati di Caprara-Ospedale Maggiore;22967;328
2019;Scalo Ravone;28146;118
2019;Triumvirato-Pietra;20006;3948
2019;Via Arno;21513;5715
2019;Via Larga;24267;1566
2019;Via Toscana;21057;7356
2019;Via Vittorio Veneto;21250;4170
2019;Villaggio della Barca;18019;4093
2019;Zanardi;20093;4649
2020;Aeroporto;21635;330
2020;Canale di Reno;21544;4861
2020;Caserme Rosse-Manifa;17726;1575
2020;Chiesanuova;21210;5515
2020;Corelli;20190;6541
2020;Emilia Ponente;21296;6751
2020;Ex Mercato Ortofrutticolo;17489;643
2020;Giardini Margherita;34518;23
2020;Irnerio-2;21109;7366
2020;La Noce;20071;1124
2020;Lavino di Mezzo;19748;341
2020;Lazzaretto;19998;572
2020;Ospedale Bellaria;14726;100
2020;Osservanza;25382;3123
2020;Pilastro;17470;4805
2020;Ponte Savena-La Bastia;19275;1065
2020;Pontevecchio;18901;3984
2020;Roveri;16896;520
2020;San Luca;25881;448
2020;Savena Abbandonato;17515;700
2020;Stadio-Meloncello;20913;2795
2020;Via del Genio;16513;8
2020;Via del Lavoro;18856;5563
2020;XXI Aprile;21204;9675
2020;Zanardi;19950;4674
2021;Beverara;20734;5131
2021;Bitone;20436;8254
2021;Casteldebole;20984;3815
2021;Cavedone;19520;2199
2021;Cirenaica;20148;6806
2021;Due Madonne;21312;2206
2021;Galvani-1;25729;1329
2021;La Birra;20082;1494
2021;La Noce;20785;1127
2021;Malpighi-2;21222;7596
2021;Marconi-1;22691;1797
2021;Mezzofanti;25418;5442
2021;Pescarola;19554;3273
2021;Pontevecchio;19693;3987
2021;Ravone;23542;931
2021;San Giuseppe;24683;4763
2021;San Savino;20733;6975
2021;Savena Abbandonato;18605;723
2021;Scandellara;22324;520
2021;Stradelli Guelfi;22822;251
2021;Tiro a Segno;19586;104
2021;Via Arno;21915;5679
2021;Via Toscana;21475;7365
2021;Via Vittorio Veneto;21776;4208
2021;Via del Genio;42283;9
2016;Via del Vivaio;18775;526
2016;Aeroporto;20877;328
2016;Ducati-Villaggio Ina;19551;2472
2016;Triumvirato-Pietra;19551;3777
2016;Rigosa;17654;860
2016;CNR;12530;43
2016;Piazza dell'Unita';17434;7232
2016;La Dozza;22123;1075
2016;Tiro a Segno;15820;99
2016;Velodromo;20708;4512
2016;Canale di Reno;21014;4888
2016;Agucchi;19147;3142
2016;Emilia Ponente;20625;6512
2016;CAAB;16625;228
2016;Via del Lavoro;18562;5534
2016;Galvani-1;23730;1294
2016;Siepelunga;25457;3167
2016;Dagnini;21199;7103
2016;Cirenaica;19551;6498
2016;Roveri;20136;423
2016;Ospedale Sant'Orsola;8950;60
2016;Mengoli;20885;7596
2016;Stadio-Meloncello;20922;2732
2016;XXI Aprile;20675;9558
2016;San Luca;26277;417
2016;Malpighi-2;20289;7493
2016;Lungo Savena;11243;58
2016;Pontevecchio;18727;3896
2016;Ponte Savena-La Bastia;19220;1030
2017;Via del Vivaio;18484;539
2017;La Birra;19167;1444
2017;Casteldebole;19927;3850
2017;CNR;16094;34
2017;Via Ferrarese;18498;8089
2017;Savena Abbandonato;18136;636
2017;Croce Coperta;19830;4533
2017;La Dozza;21875;1093
2017;Laghetti del Rosario;18824;333
2017;Beverara;19206;5353
2017;Marconi-1;22510;1745
2017;Scalo Ravone;26749;112
2017;Zanardi;19579;4614
2017;Via Vittorio Veneto;20610;4113
2017;Battindarno;19573;6835
2017;Cadriano-Calamosco;20592;566
2017;Pilastro;16910;4975
2017;CAAB;16132;243
2017;Scalo Merci San Donato;29267;30
2017;Michelino;18899;3350
2017;Via Mondo;18190;5917
2017;Galvani-2;22462;8065
2017;Giardini Margherita;32581;23
2017;Mezzofanti;24531;5362
2017;Dagnini;21381;7174
2017;Cirenaica;19573;6532
2017;Via Larga;24238;1520
2017;Croce del Biacco;18701;2954
2017;XXI Aprile;20577;9657
2017;San Giuseppe;23480;4637
2017;Via del Genio;20197;12
2017;Malpighi-2;20734;7433
2017;Due Madonne;19964;2194
2017;Pontevecchio;18532;3941
2017;Cavedone;18613;2185
2017;Ospedale Bellaria;18274;100
2018;Battindarno;20037;6844
2018;Chiesanuova;21347;5504
2018;Croce Coperta;20442;4539
2018;Dagnini;21796;7223
2018;Due Madonne;20499;2209
2018;Emilia Ponente;21510;6589
2018;Malpighi-2;20866;7494
2018;Marconi-1;23242;1758
2018;Mengoli;21611;7597
2018;Mezzofanti;25141;5369
2018;Ospedale Bellaria;16812;103
2018;Paderno;20406;1134
2018;Piazza dell'Unita';17955;7376
2018;Roveri;19698;436
2018;San Donnino;19778;2230
2018;Scalo Merci San Donato;30657;27
2018;Stradelli Guelfi;23549;210
2018;Via Toscana;20969;7290
2018;Via del Lavoro;19184;5528
2018;Zanardi;19911;4631
2019;Agucchi;19899;3184
2019;Bargellino;23450;66
2019;Battindarno;20313;6841
2019;Beverara;20006;5232
2019;Bitone;20122;8240
2019;CNR;11270;44
2019;Canale di Reno;21795;4904
2019;Cirenaica;19950;6702
2019;Corelli;20287;6617
2019;Croce Coperta;20496;4617
2019;Croce del Biacco;19688;3017
2019;Ex Mercato Ortofrutticolo;17666;625
2019;Guelfa;20034;5273
2019;La Birra;19779;1482
2019;La Noce;20456;1141
2019;Lavino di Mezzo;21015;316
2019;Malpighi-2;20564;7524
2019;Mezzofanti;25090;5381
2019;Michelino;19661;3307
2019;Mulino del Gomito;13336;485
2019;Ospedale Sant'Orsola;11224;62
2019;Pescarola;19094;3299
2019;Roveri;19752;456
2019;San Giuseppe;24265;4704
2019;San Michele in Bosco;22932;1612
2019;San Savino;20162;7038
2019;Scandellara;21594;487
2019;Stradelli Guelfi;22092;219
2019;Velodromo;21751;4549
2019;Via Mondo;18793;5905
2019;Via del Genio;13096;9
2019;Via del Vivaio;19217;560
2019;XXI Aprile;21447;9714
2020;Bargellino;20879;66
2020;Battindarno;20126;6774
2020;Bitone;19977;8189
2020;Borgo Centro;19526;5861
2020;CAAB;14789;264
2020;Casteldebole;20247;3805
2020;Croce del Biacco;19368;2954
2020;Dagnini;21628;7149
2020;Due Madonne;20681;2173
2020;Galvani-2;22211;8048
2020;Guelfa;19585;5249
2020;La Birra;19307;1491
2020;Lungo Savena;14307;63
2020;Malpighi-1;23017;1353
2020;Malpighi-2;20191;7543
2020;Marconi-1;22156;1743
2020;Marconi-2;22784;9344
2020;Monte Donato;22529;1072
2020;Mulino del Gomito;13103;492
2020;Paderno;18017;1146
2020;Pescarola;18794;3264
2020;Prati di Caprara-Ospedale Maggiore;22977;330
2020;Ravone;21911;933
2020;Rigosa;16978;890
2020;SENZA FISSA DIMORA;5703;216
2020;San Michele in Bosco;23747;1588
2020;Scalo Ravone;28263;112
2020;Scandellara;21990;494
2020;Siepelunga;25168;3281
2020;Velodromo;21565;4511
2020;Via Larga;24300;1570
2020;Via Toscana;20875;7287
2020;Via Vittorio Veneto;21061;4194
2020;Via del Vivaio;18053;564
2020;Villaggio della Barca;17532;4065
2021;Aeroporto;22013;328
2021;Arcoveggio;19982;7841
2021;Bargellino;21967;64
2021;CAAB;14895;279
2021;CNR;8790;38
2021;Chiesanuova;22041;5584
2021;Croce del Biacco;19814;2981
2021;Dagnini;22251;7196
2021;Ducati-Villaggio Ina;20529;2442
2021;Emilia Ponente;21973;6833
2021;Ex Mercato Ortofrutticolo;18015;701
2021;Giardini Margherita;32732;23
2021;Guelfa;20661;5249
2021;Irnerio-1;21629;2814
2021;Irnerio-2;21447;7474
2021;Laghetti del Rosario;18804;356
2021;Lungo Reno;22596;8
2021;Lungo Savena;12063;79
2021;Mengoli;22392;7638
2021;Monte Donato;24201;1081
2021;Mulino del Gomito;13923;486
2021;Piazza dell'Unita';18367;7493
2021;Pilastro;18169;4800
2021;Rigosa;17437;885
2021;SENZA FISSA DIMORA;5610;236
2021;Siepelunga;25559;3299
2021;Stadio-Meloncello;21648;2798
2021;Velodromo;22130;4507
2021;Via Ferrarese;19513;8439
2021;Via Larga;24629;1607
2021;Via del Vivaio;19634;563
2016;La Birra;18875;1403
2016;Caserme Rosse-Manifattura;17212;1550
2016;Arcoveggio;18858;7864
2016;Ex Mercato Ortofrutticolo;19714;467
2016;Laghetti del Rosario;20194;317
2016;Beverara;19188;5326
2016;Scalo Ravone;26591;109
2016;Via Vittorio Veneto;20151;4103
2016;Pilastro;17099;4865
2016;Scalo Merci San Donato;23539;22
2016;Michelino;18668;3357
2016;Paderno;20216;1075
2016;Galvani-2;22617;7961
2016;Giardini Margherita;34464;26
2016;Irnerio-1;22536;2590
2016;Irnerio-2;21109;7250
2016;Scandellara;20741;446
2016;Ravone;22977;901
2016;Fossolo;22981;6754
2016;Via Arno;20711;5696
2016;Ospedale Bellaria;17100;109
2017;Aeroporto;21385;324
2017;Borgo Centro;19333;5857
2017;Triumvirato-Pietra;19573;3836
2017;Piazza dell'Unita';17593;7338
2017;Mulino del Gomito;10210;445
2017;Tiro a Segno;18448;100
2017;Pescarola;18798;3372
2017;Lazzaretto;17306;536
2017;Marconi-2;22490;9237
2017;Velodromo;20654;4528
2017;Villaggio della Barca;17529;4086
2017;Agucchi;19417;3203
2017;Fiera;21420;18
2017;Via del Lavoro;18829;5451
2017;San Michele in Bosco;24722;1562
2017;Siepelunga;25578;3211
2017;Irnerio-2;21176;7311
2017;Scandellara;21052;464
2017;Roveri;19906;429
2017;Ospedale Sant'Orsola;13203;57
2017;Mengoli;21001;7544
2017;Stadio-Meloncello;20693;2775
2017;San Luca;28234;428
2017;Fossolo;22932;6777
2017;Via Arno;20917;5745
2017;Corelli;19729;6670
2018;Aeroporto;22036;320
2018;Agucchi;19555;3207
2018;Beverara;19769;5300
2018;Bitone;19992;8217
2018;Borgo Centro;19730;5859
2018;CAAB;15995;248
2018;CNR;7844;44
2018;Cadriano-Calamosco;20737;572
2018;Caserme Rosse-Manifattura;17477;1573
2018;Corelli;20284;6651
2018;Croce del Biacco;19560;2978
2018;Ducati-Villaggio Ina;19989;2488
2018;Ex Mercato Ortofrutticolo;17315;617
2018;Fossolo;23328;6781
2018;Galvani-1;25495;1323
2018;Galvani-2;23019;8172
2018;Irnerio-1;23093;2646
2018;Irnerio-2;21978;7351
2018;Lavino di Mezzo;20565;325
2018;Marconi-2;23210;9287
2018;Monte Donato;22843;1049
2018;Mulino del Gomito;11181;479
2018;Ospedale Sant'Orsola;13714;58
2018;Pilastro;17371;4941
2018;Ponte Savena-La Bastia;19500;1054
2018;Prati di Caprara-Ospedale Maggiore;22381;327
2018;Ravone;23346;901
2018;Rigosa;17426;899
2018;San Giuseppe;24300;4701
2018;Savena Abbandonato;17974;676
2018;Scalo Ravone;27885;112
2018;Siepelunga;25569;3263
2018;Velodromo;21413;4550
2018;Via Larga;24383;1548
2018;Via del Vivaio;18648;543
2018;Villaggio della Barca;18002;4062
2018;XXI Aprile;21430;9686
2019;Aeroporto;21727;339
2019;Arcoveggio;19496;7936
2019;Borgo Centro;19932;5934
2019;CAAB;14708;270
2019;Cadriano-Calamosco;20193;582
2019;Caserme Rosse-Manifa;17699;1600
2019;Casteldebole;20648;3843
2019;Cavedone;19099;2185
2019;Chiesanuova;21550;5518
2019;Ducati-Villaggio Ina;20304;2449
2019;Due Madonne;20999;2215
2019;Emilia Ponente;21651;6660
2019;Galvani-1;25332;1308
2019;Giardini Margherita;33789;24
2019;La Dozza;22602;1095
2019;Laghetti del Rosario;19769;330
2019;Lungo Reno;23553;7
2019;Marconi-2;23333;9361
2019;Mengoli;21893;7598
2019;Monte Donato;22873;1065
2019;Ospedale Bellaria;16141;103
2019;Osservanza;26086;3104
2019;Paderno;18387;1185
2019;Pilastro;17738;4907
2019;Ponte Savena-La Bastia;19194;1086
2019;Pontevecchio;19348;3997
2019;Ravone;22751;923
2019;Rigosa;16716;906
2019;SENZA FISSA DIMORA;5287;230
2019;San Donnino;19926;2247
2019;San Luca;27340;430
2019;Savena Abbandonato;18151;682
2019;Scalo Merci San Donato;30022;32
2019;Siepelunga;25301;3325
2019;Stadio-Meloncello;21471;2816
2019;Tiro a Segno;18357;114
2019;Via Ferrarese;19302;8254
2019;Via del Lavoro;19456;5530
2020;Agucchi;19562;3188
2020;Arcoveggio;19178;7813
2020;Beverara;19916;5108
2020;CNR;12023;43
2020;Cadriano-Calamosco;20064;584
2020;Cavedone;19081;2136
2020;Cirenaica;19780;6714
2020;Croce Coperta;20344;4537
2020;Ducati-Villaggio Ina;20138;2454
2020;Fiera;21750;18
2020;Fossolo;23341;6750
2020;Galvani-1;25130;1297
2020;Irnerio-1;21260;2736
2020;La Dozza;22513;1089
2020;Laghetti del Rosario;18842;339
2020;Lungo Reno;22885;9
2020;Mengoli;21546;7530
2020;Mezzofanti;24783;5367
2020;Michelino;19340;3287
2020;Ospedale Sant'Orsola;10757;66
2020;Piazza dell'Unita';17713;7383
2020;San Donnino;19831;2213
2020;San Giuseppe;23893;4735
2020;San Savino;20086;6945
2020;Scalo Merci San Donato;30723;36
2020;Stradelli Guelfi;20995;239
2020;Tiro a Segno;17429;107
2020;Triumvirato-Pietra;19658;3911
2020;Via Arno;21558;5626
2020;Via Ferrarese;19048;8191
2020;Via Mondo;18518;5838
2021;Agucchi;20186;3201
2021;Battindarno;20794;6825
2021;Borgo Centro;20248;5867
2021;Cadriano-Calamosco;20760;581
2021;Canale di Reno;22187;4896
2021;Caserme Rosse-Manifa;18237;1567
2021;Corelli;20882;6519
2021;Croce Coperta;20995;4554
2021;Fiera;21344;16
2021;Fossolo;23860;6862
2021;Galvani-2;22675;8234
2021;La Dozza;22574;1105
2021;Lavino di Mezzo;19882;357
2021;Lazzaretto;21940;574
2021;Malpighi-1;22724;1344
2021;Marconi-2;23140;9451
2021;Michelino;19513;3389
2021;Ospedale Bellaria;15564;101
2021;Ospedale Sant'Orsola;13593;60
2021;Osservanza;25891;3147
2021;Paderno;20390;1163
2021;Ponte Savena-La Bastia;20086;1069
2021;Prati di Caprara-Ospedale Maggiore;24079;333
2021;Roveri;14173;615
2021;San Donnino;20593;2186
2021;San Luca;27191;461
2021;San Michele in Bosco;24254;1649
2021;Scalo Merci San Donato;31028;35
2021;Scalo Ravone;27665;112
2021;Triumvirato-Pietra;20421;3959
2021;Via Mondo;19018;5907
2021;Via del Lavoro;19379;5667
2021;Villaggio della Barca;18084;4147
2021;XXI Aprile;21620;9692
2021;Zanardi;20743;4706
